City,Latitude,Longitude,Max Temp,Humidity,Cloudiness,Wind Speed,Country,Date
Bluff,-46.6,168.33,50.5,78,57,18.72,NZ,1594358844
Santa Isabel Rio Negro,-0.41,-65.02,72.41,96,47,1.21,BR,1594358769
Arraial do Cabo,-22.97,-42.03,69.75,71,21,12.84,BR,1594358844
Rikitea,-23.12,-134.97,66.94,71,20,20.74,PF,1594358396
Maumere,-8.62,122.21,82.78,62,57,2.42,ID,1594358845
Fortuna,40.6,-124.16,57.0,100,90,4.7,US,1594358846
Beloha,-25.17,45.05,64.11,56,0,9.57,MG,1594358846
Iskateley,67.68,53.15,81.84,60,0,14.88,RU,1594358846
Mahon,39.89,4.27,71.6,88,80,8.05,ES,1594358847
Chokurdakh,70.63,147.92,67.39,47,100,10.16,RU,1594358847
Batemans Bay,-35.72,150.18,66.99,48,73,4.43,AU,1594358848
Honiara,-9.43,159.95,86.0,74,75,9.17,SB,1594358848
Ténenkou,14.46,-4.92,83.88,58,55,14.07,ML,1594358848
Ahipara,-35.17,173.17,54.7,71,5,6.2,NZ,1594358849
Chui,-33.7,-53.46,42.89,90,0,7.94,UY,1594358849
Samarai,-10.62,150.67,78.64,87,83,19.48,PG,1594358584
Rawson,-43.3,-65.1,38.61,76,60,14.52,AR,1594358850
Khatanga,71.97,102.5,63.3,46,0,19.37,RU,1594358850
Paamiut,61.99,-49.67,42.93,97,100,24.7,GL,1594358851
Vestmannaeyjar,63.44,-20.27,50.74,80,75,19.6,IS,1594358782
New Norfolk,-42.78,147.06,46.99,86,100,0.31,AU,1594358852
Vila Velha,-20.33,-40.29,71.6,78,44,8.05,BR,1594358853
Punta Arenas,-53.15,-70.92,33.8,86,99,9.17,CL,1594358404
Buchanan,5.88,-10.05,76.32,84,100,10.25,LR,1594358675
Bonavista,48.65,-53.11,50.0,80,100,1.99,CA,1594358670
Eufaula,31.89,-85.15,78.01,94,2,3.65,US,1594358739
Tromsø,69.65,18.96,48.2,87,20,14.99,NO,1594358758
Upernavik,72.79,-56.15,40.8,82,100,4.61,GL,1594358441
Ilulissat,69.22,-51.1,42.8,87,100,20.8,GL,1594358856
Hobart,-42.88,147.33,48.2,81,100,8.05,AU,1594358409
Hong Kong,22.29,114.16,89.01,69,92,14.9,HK,1594358607
Yumen,40.28,97.2,83.28,15,32,6.91,CN,1594358857
Atuona,-9.8,-139.03,79.18,80,41,19.22,PF,1594358785
Dhandhuka,22.37,71.98,91.06,60,74,17.38,IN,1594358858
Águas Belas,-9.11,-37.12,66.09,97,62,2.62,BR,1594358610
Hualmay,-11.1,-77.61,59.99,83,83,10.25,PE,1594358859
Mataura,-46.19,168.86,45.05,91,92,5.28,NZ,1594358425
Chapais,49.78,-74.85,68.0,77,75,3.36,CA,1594358770
Barrow,71.29,-156.79,35.6,80,90,10.29,US,1594358229
Poronaysk,49.22,143.12,60.22,85,78,7.7,RU,1594358860
Kjøllefjord,70.95,27.35,44.6,93,75,10.29,NO,1594358861
Thompson,55.74,-97.86,60.8,87,90,5.82,CA,1594358672
Champerico,14.3,-91.92,81.57,77,15,3.06,GT,1594358862
Ushuaia,-54.8,-68.3,33.8,69,40,9.17,AR,1594358447
Torbay,47.67,-52.73,52.0,93,90,6.93,CA,1594358781
Dikson,73.51,80.55,45.03,79,0,13.27,RU,1594358454
New Boston,42.98,-71.69,75.0,41,0,3.09,US,1594358703
Danielskuil,-28.19,23.54,48.78,59,8,20.45,ZA,1594358864
Pangnirtung,66.15,-65.71,46.2,59,5,0.11,CA,1594358764
Naze,28.37,129.48,87.8,84,75,16.11,JP,1594358678
Maningrida,-12.07,134.27,84.61,55,32,7.96,AU,1594358865
Jamestown,42.1,-79.24,71.01,88,90,9.17,US,1594358617
Sinnamary,5.38,-52.95,78.12,85,92,6.49,GF,1594358866
Bilibino,68.05,166.44,68.36,51,65,8.77,RU,1594358862
Plettenberg Bay,-34.05,23.37,55.02,87,94,7.09,ZA,1594358867
Kaitangata,-46.28,169.85,48.99,70,51,3.0,NZ,1594358867
Carballo,43.21,-8.69,61.0,93,75,6.93,ES,1594358397
São Desidério,-12.36,-44.97,67.87,62,33,4.9,BR,1594358868
Laurel,39.1,-76.85,78.01,94,40,4.65,US,1594358588
Tuktoyaktuk,69.45,-133.04,39.2,100,90,11.41,CA,1594358450
Saint-Philippe,-21.36,55.77,71.6,64,92,31.09,RE,1594358755
Duarte,34.14,-117.98,73.0,63,0,0.6,US,1594358870
Alegrete,-29.78,-55.79,43.45,89,0,5.32,BR,1594358870
Taoudenni,22.68,-3.98,87.04,35,8,9.66,ML,1594358871
Olafsvik,64.89,-23.71,50.7,76,70,8.9,IS,1594358773
Kapaa,22.08,-159.32,80.6,74,40,16.11,US,1594358429
San Patricio,19.22,-104.7,79.14,80,95,2.04,MX,1594358872
Bredasdorp,-34.53,20.04,50.0,93,100,8.05,ZA,1594358455
Albany,42.6,-73.97,78.01,95,1,4.63,US,1594358437
Karpogory,64.0,44.45,62.91,66,42,5.01,RU,1594358873
Boguchany,58.38,97.45,70.05,42,86,7.76,RU,1594358874
Lata,40.16,-8.33,62.01,90,4,1.43,PT,1594358874
Cape Town,-33.93,18.42,51.01,93,75,12.75,ZA,1594358454
Goderich,43.75,-81.72,73.99,90,16,1.01,CA,1594358875
Mar del Plata,-38.0,-57.56,48.99,66,99,16.11,AR,1594358270
Cherskiy,68.75,161.3,64.87,60,61,5.41,RU,1594358876
Te Anau,-45.42,167.72,42.19,86,45,1.03,NZ,1594358876
Hermanus,-34.42,19.23,51.01,83,100,7.0,ZA,1594358431
Broome,42.25,-75.83,73.99,83,1,3.36,US,1594358859
Sabirabad,40.01,48.48,84.2,58,40,4.7,AZ,1594358877
Bhachāu,23.28,70.35,89.56,67,94,21.85,IN,1594358878
Gamba,-2.65,10.0,72.79,87,100,6.85,GA,1594358878
Port Lincoln,-34.73,135.87,57.22,58,42,14.65,AU,1594358750
Tiksi,71.69,128.87,38.91,85,95,9.75,RU,1594358728
Lanzhou,36.06,103.79,73.4,53,20,8.95,CN,1594358879
Kemijärvi,66.71,27.43,51.87,91,100,5.77,FI,1594358880
Bethel,41.37,-73.41,71.01,100,1,2.53,US,1594358731
Dingle,11.0,122.67,89.51,62,90,4.32,PH,1594358881
Katsuura,35.13,140.3,84.0,84,75,3.0,JP,1594358780
Kutum,14.2,24.67,75.34,63,81,7.63,SD,1594358881
Hithadhoo,-0.6,73.08,84.18,74,55,8.19,MV,1594358442
Areia Branca,-4.96,-37.14,74.66,85,95,12.39,BR,1594358882
Busselton,-33.65,115.33,57.0,46,31,7.54,AU,1594358412
Port Hardy,50.7,-127.42,57.2,76,75,5.82,CA,1594358883
Severo-Kuril'sk,50.68,156.12,49.73,93,100,11.05,RU,1594358772
Bengkulu,-3.8,102.27,85.69,64,98,7.9,ID,1594358665
Mastic Beach,40.77,-72.85,75.2,88,90,3.36,US,1594358884
Esim,4.87,-2.24,74.84,90,100,7.47,GH,1594358885
Bubaque,11.28,-15.83,81.32,82,33,13.6,GW,1594358885
Lebu,-37.62,-73.65,54.18,95,100,22.66,CL,1594358885
Saint-Augustin,51.23,-58.65,57.13,95,100,8.39,CA,1594358886
Alvorada,-12.48,-49.12,66.24,46,0,1.99,BR,1594358887
Van Buren,35.44,-94.35,73.4,94,1,2.98,US,1594358887
Riyadh,24.69,46.72,96.8,14,7,6.93,SA,1594358609
Bethanien,-26.5,17.16,43.09,67,1,5.86,NA,1594358888
Kumëny,58.11,49.92,74.28,82,96,10.09,RU,1594358888
Kahului,20.89,-156.47,82.4,54,20,16.11,US,1594358784
Bambous Virieux,-20.34,57.76,71.6,68,75,18.34,MU,1594358774
Hilo,19.73,-155.09,78.8,74,90,3.36,US,1594358673
Leer,8.3,30.14,73.22,90,71,1.68,SS,1594358890
Vryheid,-27.77,30.79,52.03,60,0,7.07,ZA,1594358891
Isangel,-19.55,169.27,75.2,69,75,8.05,VU,1594358892
Mazagão,-0.12,-51.29,78.8,100,75,4.7,BR,1594358892
Carutapera,-1.2,-46.02,75.61,92,98,5.91,BR,1594358892
Gornopravdinsk,60.05,69.9,68.92,44,23,8.99,RU,1594358893
Havre-St-Pierre,50.23,-63.6,59.0,100,90,2.24,CA,1594358893
Beïnamar,8.67,15.38,71.78,85,95,2.82,TD,1594358763
Verkhnetulomskiy,68.61,31.8,48.2,93,90,4.47,RU,1594358894
Berlevåg,70.86,29.09,44.6,100,75,18.34,NO,1594358894
Auki,-8.77,160.7,83.68,72,94,6.4,SB,1594358895
Saint Paul Harbor,57.79,-152.41,64.4,52,90,6.93,US,1594358440
Yellowknife,62.46,-114.35,66.2,48,75,4.7,CA,1594358687
Amga,60.9,131.96,56.43,94,100,9.28,RU,1594358896
Atambua,-9.11,124.89,82.85,53,66,3.67,ID,1594358896
Anadyr,64.75,177.48,62.6,72,98,6.71,RU,1594358897
Ardakān,32.31,54.02,89.6,15,20,4.7,IR,1594358897
San Quintín,30.48,-115.95,65.93,84,21,6.87,MX,1594358897
Nuuk,64.18,-51.72,37.4,100,100,4.7,GL,1594358898
Qaanaaq,77.48,-69.36,45.75,57,0,5.28,GL,1594358431
Faanui,-16.48,-151.75,77.41,79,99,24.83,PF,1594358899
Dicamay,16.76,122.0,91.45,58,90,5.32,PH,1594358899
Carnarvon,-24.87,113.63,75.2,25,73,16.11,AU,1594358446
Tura,25.52,90.22,81.16,90,100,7.16,IN,1594358900
Ryde,50.73,-1.16,57.99,87,69,4.0,GB,1594358901
Talnakh,69.49,88.4,62.6,67,0,26.84,RU,1594358671
East London,-33.02,27.91,59.0,82,75,9.17,ZA,1594358901
Jiayuguan City,39.82,98.3,81.86,16,25,6.24,CN,1594358902
Port Elizabeth,-33.92,25.57,50.0,93,76,4.7,ZA,1594358741
Norman Wells,65.28,-126.83,59.0,77,75,4.7,CA,1594358775
Sitka,57.05,-135.33,55.4,93,90,8.05,US,1594358790
Imbituba,-28.24,-48.67,46.4,100,0,1.12,BR,1594358903
Vaini,-21.2,-175.2,73.4,88,75,9.17,TO,1594358395
Leningradskiy,69.38,178.42,44.1,86,100,8.86,RU,1594358452
Port Alfred,-33.59,26.89,59.0,88,95,1.01,ZA,1594358453
Karakol,42.49,78.39,71.15,35,45,7.7,KG,1594358905
Seoul,37.57,126.98,78.8,73,90,5.82,KR,1594358906
Souillac,-20.52,57.52,71.6,68,75,18.34,MU,1594358906
Coyhaique,-45.58,-72.07,28.4,92,20,2.24,CL,1594358906
Waingapu,-9.66,120.26,83.64,57,33,16.8,ID,1594358898
Ancud,-41.87,-73.82,39.99,93,99,4.7,CL,1594358907
Copiapó,-27.37,-70.33,53.6,87,0,5.82,CL,1594358908
Onega,63.91,38.14,58.89,68,14,8.93,RU,1594358908
Trat,12.5,102.5,86.0,79,40,4.7,TH,1594358908
Beitbridge,-22.22,30.0,54.64,83,0,2.04,ZW,1594358909
Launceston,-41.45,147.17,53.01,81,75,4.7,AU,1594358909
Purpe,64.48,76.69,73.0,59,0,10.0,RU,1594358910
Ust-Tsilma,65.44,52.15,81.63,50,22,8.46,RU,1594358910
Mossamedes,-15.2,12.15,61.11,79,0,11.99,AO,1594358794
Port Hedland,-20.32,118.57,87.8,10,0,18.34,AU,1594358911
Kavieng,-2.57,150.8,84.31,74,32,12.37,PG,1594358912
Bad Frankenhausen,51.35,11.1,66.0,87,100,2.21,DE,1594358912
Vila Franca do Campo,37.72,-25.43,64.4,82,20,9.17,PT,1594358725
Sangar,63.92,127.47,76.55,35,69,10.42,RU,1594358913
Clyde River,70.47,-68.59,41.0,86,1,2.24,CA,1594358679
Smithers,54.78,-127.17,59.0,54,75,3.36,CA,1594358913
Haapiti,-17.57,-149.87,77.0,65,20,5.82,PF,1594358914
Caravelas,-17.71,-39.25,68.68,90,18,2.08,BR,1594358914
Sturgeon Bay,44.83,-87.38,71.6,100,90,8.05,US,1594358915
Airai,-8.93,125.41,70.3,71,24,5.44,TL,1594358915
Avarua,-21.21,-159.78,73.4,83,99,3.36,CK,1594358396
Port Blair,11.67,92.75,85.12,74,99,11.48,IN,1594358916
College,64.86,-147.8,57.2,82,75,4.7,US,1594358916
Longyearbyen,78.22,15.64,50.0,71,75,17.22,SJ,1594358761
Saldanha,-33.01,17.94,50.0,93,100,9.17,ZA,1594358435
Ostrovnoy,68.05,39.51,60.12,70,65,26.84,RU,1594358668
Kruisfontein,-34.0,24.73,48.83,94,51,3.11,ZA,1594358432
Ponta do Sol,32.67,-17.1,68.0,65,0,5.46,PT,1594358444
Deqing,30.54,119.96,88.0,75,91,6.38,CN,1594358919
Tabou,4.42,-7.35,75.49,85,97,8.19,CI,1594358919
Steamboat Springs,40.48,-106.83,62.6,26,1,11.41,US,1594358920
Cabo San Lucas,22.89,-109.91,82.99,76,57,9.89,MX,1594358920
Ozernovskiy,51.5,156.52,51.37,94,100,0.58,RU,1594358921
Vitim,59.45,112.56,64.72,84,100,1.95,RU,1594358921
Cidreira,-30.18,-50.21,47.68,81,0,6.98,BR,1594358678
Kerchevskiy,59.95,56.29,83.89,59,4,5.14,RU,1594358922
La Roda,39.22,-2.15,62.01,82,1,3.36,ES,1594358922
Nanortalik,60.14,-45.24,44.49,96,100,9.8,GL,1594358923
Ulladulla,-35.35,150.47,64.4,48,69,5.82,AU,1594358923
Makakilo City,21.35,-158.09,80.6,69,75,4.7,US,1594358923
Margate,51.38,1.39,57.99,91,100,10.0,GB,1594358924
Isiro,2.77,27.62,67.28,98,9,1.68,CD,1594358924
Port-Gentil,-0.72,8.78,75.2,83,90,11.41,GA,1594358925
Takoradze,4.88,-1.76,74.79,92,99,6.44,GH,1594358925
La Ronge,55.1,-105.28,55.4,87,40,6.98,CA,1594358898
Ust'-Kut,56.79,105.77,78.28,35,98,6.91,RU,1594358926
Amapá,1.0,-52.0,71.22,98,85,1.61,BR,1594358927
Butaritari,3.07,172.79,83.59,75,49,11.61,KI,1594358432
Pa Sang,18.53,98.94,91.99,55,40,4.7,TH,1594358928
Ambilobe,-13.2,49.05,75.97,47,0,12.59,MG,1594358929
Iqaluit,63.75,-68.51,44.6,87,75,2.24,CA,1594358799
Ribeira Grande,38.52,-28.7,67.91,74,32,5.84,PT,1594358679
Artyom,40.47,50.33,84.2,58,74,25.28,AZ,1594358930
Tinyahuarco,-10.75,-76.3,35.38,92,100,3.51,PE,1594358930
Katobu,-4.94,122.53,81.93,81,49,8.3,ID,1594358931
Presidencia Roque Sáenz Peña,-26.79,-60.44,47.7,88,0,7.65,AR,1594358932
Altamira,-3.2,-52.21,71.71,91,55,1.28,BR,1594358653
Alyangula,-13.85,136.42,84.2,51,75,10.29,AU,1594358933
Lebedyn,50.59,34.48,61.68,75,66,1.61,UA,1594358933
Nova Russas,-4.71,-40.56,71.69,85,86,3.51,BR,1594358933
Cabo Rojo,18.09,-67.15,81.0,89,78,8.46,PR,1594358684
Shaowu,27.34,117.48,75.9,91,100,2.33,CN,1594358934
Rome,43.21,-75.46,77.0,78,1,3.36,US,1594358816
Castro,-24.79,-50.01,44.35,61,95,2.28,BR,1594358471
Atlantis,-33.57,18.48,51.01,98,100,14.76,ZA,1594358935
Balclutha,-46.23,169.75,48.99,70,70,4.0,NZ,1594358936
Chumikan,54.72,135.31,54.28,79,100,10.63,RU,1594358936
Nikolskoye,59.7,30.79,61.0,62,42,6.71,RU,1594358716
Palmer,42.16,-72.33,71.6,94,1,4.7,US,1594358937
Yar-Sale,66.83,70.83,67.15,46,0,13.06,RU,1594358451
Senneterre,48.38,-77.23,75.2,69,1,4.7,CA,1594358938
Puerto Concordia,2.62,-72.76,72.19,96,98,2.24,CO,1594358938
Hasaki,35.73,140.83,84.2,74,75,12.75,JP,1594358437
Sioux Lookout,50.1,-91.92,64.4,77,5,5.82,CA,1594358939
Tarbagatay,51.48,107.36,66.2,72,75,13.42,RU,1594358939
Tautira,-17.73,-149.15,77.0,65,20,5.82,PF,1594358940
‘Āhuimanu,21.44,-157.84,80.6,74,90,11.41,US,1594358940
Luau,-10.71,22.22,54.79,49,5,3.58,AO,1594358940
Yonago,35.43,133.33,78.8,88,90,3.36,JP,1594358694
Vao,-22.67,167.48,67.68,70,2,21.16,NC,1594358828
Boysun,38.21,67.2,84.42,16,0,4.09,UZ,1594358942
Yangi Marg`ilon,40.43,71.72,86.0,25,87,4.7,UZ,1594358942
Sāveh,35.02,50.36,89.08,15,22,18.01,IR,1594358943
Dallas,32.77,-96.78,87.8,58,20,10.29,US,1594358866
Hervey Bay,-25.3,152.85,71.01,63,19,5.99,AU,1594358768
Saskylakh,71.92,114.08,64.45,47,46,13.6,RU,1594358455
Igarka,67.47,86.58,67.68,46,51,12.3,RU,1594358944
Klaksvík,62.23,-6.59,48.2,81,77,9.17,FO,1594358761
Brae,60.4,-1.35,50.0,93,86,8.05,GB,1594358945
Tadine,-21.55,167.88,68.83,72,69,19.46,NC,1594358946
Sanremo,43.82,7.76,72.0,94,5,4.7,IT,1594358946
Makkah al Mukarramah,21.43,39.83,92.68,17,0,10.36,SA,1594358946
Tuatapere,-46.13,167.68,47.75,80,95,7.65,NZ,1594358666
Requena,39.49,-1.1,77.0,81,0,2.15,ES,1594358947
Jalostotitlán,21.2,-102.47,62.6,88,90,3.36,MX,1594358948
Bodden Town,19.28,-81.25,84.99,76,100,5.01,KY,1594358948
Nizwá,22.93,57.53,94.19,32,89,5.73,OM,1594358948
Curanilahue,-37.47,-73.35,53.38,94,100,14.74,CL,1594358949
Plouzané,48.38,-4.62,57.2,93,40,6.93,FR,1594358949
Poum,-20.23,164.02,72.57,71,41,14.92,NC,1594358950
Tandil,-37.32,-59.13,46.99,62,100,5.99,AR,1594358940
Hofn,64.25,-15.21,51.1,64,56,8.25,IS,1594358950
Provideniya,64.38,-173.3,57.2,67,10,15.66,RU,1594358430
Iralaya,15.0,-83.23,77.27,88,100,3.15,HN,1594358951
Kupang,-10.17,123.58,89.6,46,40,19.46,ID,1594358952
San Cristobal,7.77,-72.22,64.35,83,62,4.32,VE,1594358952
Kisangani,0.52,25.2,71.42,95,38,2.44,CD,1594358953
Ipanguaçu,-5.5,-36.85,74.52,84,100,6.58,BR,1594358953
Yamada,39.47,141.95,74.07,77,100,3.24,JP,1594358953
Grindavik,63.84,-22.43,48.2,87,75,9.17,IS,1594358954
Chicama,-7.84,-79.15,63.54,76,90,6.38,PE,1594358438
Pine Bluff,34.23,-92.0,73.4,94,1,5.21,US,1594358955
Tasiilaq,65.61,-37.64,37.4,93,100,4.7,GL,1594358397
Porto Walter,-8.27,-72.74,68.92,99,84,2.82,BR,1594358956
La Asuncion,11.03,-63.86,80.6,88,0,11.41,VE,1594358731
Vardø,70.37,31.11,48.2,93,75,5.82,NO,1594358767
Tāybād,34.74,60.78,91.96,15,0,20.11,IR,1594358957
Kysyl-Syr,63.9,122.76,79.03,40,24,8.72,RU,1594358957
Chunoyar,57.45,97.32,63.77,74,99,6.91,RU,1594358958
Alofi,-19.06,-169.92,73.4,94,78,12.75,NU,1594358958
George Town,5.41,100.34,87.01,79,20,6.93,MY,1594358847
Midland,32.0,-102.08,89.6,38,1,13.87,US,1594358701
Tayshet,55.93,98.0,64.58,70,97,4.47,RU,1594358959
Marawi,8.0,124.29,84.99,83,87,7.0,PH,1594358960
Svolvær,68.23,14.57,55.0,76,20,2.24,NO,1594358960
São Paulo de Olivença,-3.38,-68.87,71.78,95,81,1.9,BR,1594358960
Lompoc,34.64,-120.46,55.4,87,90,4.7,US,1594358961
Sukhumi,43.0,41.02,76.78,75,97,3.98,GE,1594358961
Ormara,25.21,64.64,87.4,80,11,13.38,PK,1594358962
Rocha,-34.48,-54.33,42.21,85,0,9.69,UY,1594358865
Altagracia de Orituco,9.86,-66.38,70.56,91,17,4.36,VE,1594358962
Bloemfontein,-29.12,26.21,48.2,87,71,9.17,ZA,1594358963
Ada,43.42,-116.13,75.2,31,1,5.82,US,1594358963
Rørvik,64.86,11.24,50.0,93,75,3.36,NO,1594358964
Portland,45.52,-122.68,68.0,60,75,9.17,US,1594358850
Tual,-5.67,132.75,79.92,85,100,19.77,ID,1594358964
Grand Gaube,-20.01,57.66,71.01,77,81,8.99,MU,1594358426
Yatou,37.15,122.38,79.66,56,10,12.37,CN,1594358721
Tazovsky,67.47,78.7,63.68,55,0,20.31,RU,1594358966
Borda da Mata,-22.27,-46.17,53.01,92,31,1.9,BR,1594358966
Vestmanna,62.16,-7.17,48.2,81,78,9.17,FO,1594358966
Nautla,20.22,-96.78,82.33,80,95,11.56,MX,1594358967
Sibu,2.3,111.82,84.2,74,40,8.05,MY,1594358967
Lubango,-14.92,13.49,52.66,43,0,3.47,AO,1594358968
Wajir,1.75,40.06,75.2,83,75,5.82,KE,1594358968
Acapulco de Juárez,16.86,-99.89,81.12,80,93,6.69,MX,1594358955
Krasnohrad,49.38,35.44,62.89,75,31,4.14,UA,1594358969
Dongsheng,39.82,109.98,86.67,16,46,11.41,CN,1594358833
Morwell,-38.23,146.4,54.0,83,100,2.42,AU,1594358970
Abnūb,27.27,31.15,80.6,57,0,5.82,EG,1594358970
Puerto Ayora,-0.74,-90.35,66.99,94,65,8.21,EC,1594358439
Ginir,7.13,40.7,62.02,82,100,7.87,ET,1594358971
Kotido,2.98,34.13,67.96,80,60,7.96,UG,1594358971
Raudeberg,61.99,5.14,50.0,91,57,6.69,NO,1594358972
Ampanihy,-24.7,44.75,64.06,50,0,9.15,MG,1594358972
Walvis Bay,-22.96,14.51,54.0,100,90,4.7,NA,1594358973
Fort Nelson,58.81,-122.7,59.0,93,40,3.36,CA,1594358841
Pochutla,15.74,-96.47,82.0,76,0,3.27,MX,1594358974
Pevek,69.7,170.31,44.38,95,92,5.59,RU,1594358975
Río Gallegos,-51.62,-69.22,26.6,92,75,13.87,AR,1594358975
Coxim,-18.51,-54.76,66.49,70,75,8.93,BR,1594358975
Mitsamiouli,-11.38,43.28,78.8,74,40,12.75,KM,1594358435
Jequié,-13.86,-40.08,67.14,90,86,1.41,BR,1594358976
Lesozavodsk,45.48,133.42,73.0,73,78,5.53,RU,1594358977
Sur,22.57,59.53,95.7,39,97,2.8,OM,1594358977
Kurumkan,54.3,110.3,63.82,85,100,3.2,RU,1594358978
Praia da Vitória,38.73,-27.07,66.2,93,75,6.98,PT,1594358978
Biu,10.61,12.19,68.09,96,98,6.6,NG,1594358979
Plácido de Castro,-10.34,-67.19,68.54,93,100,2.91,BR,1594358979
Zhigansk,66.77,123.37,73.78,36,51,12.68,RU,1594358979
Sampit,-2.53,112.95,81.55,90,62,3.2,ID,1594358980
Esperance,-33.87,121.9,53.6,66,75,13.87,AU,1594358445
Lenger,42.18,69.88,84.2,32,90,2.24,KZ,1594358981
Tuscaloosa,33.21,-87.57,75.2,100,1,3.13,US,1594358692
Wenatchee,47.42,-120.31,66.2,48,1,17.22,US,1594358981
Pisco,-13.7,-76.22,55.4,76,40,5.82,PE,1594358982
Laguna,38.42,-121.42,81.0,41,1,5.82,US,1594358900
Mildura,-34.2,142.15,70.0,34,81,3.36,AU,1594358983
Mahalapye,-23.1,26.81,51.4,76,0,10.49,BW,1594358983
Lorengau,-2.02,147.27,83.98,75,98,10.11,PG,1594358426
Guacamayas,18.02,-102.22,79.39,80,92,2.71,MX,1594358984
Kilindoni,-7.91,39.67,77.16,82,12,10.94,TZ,1594358984
Svetlaya,46.54,138.33,61.14,78,84,7.29,RU,1594358985
Ushtobe,45.25,77.98,85.3,26,4,10.63,KZ,1594358985
Strezhevoy,60.73,77.59,60.8,72,90,8.95,RU,1594358985
Umm Hājar,13.3,19.7,78.55,70,85,10.98,TD,1594358986
Yashkul',46.17,45.34,78.37,58,43,14.25,RU,1594358986
Marabu,4.41,114.01,87.8,70,40,14.99,MY,1594358987
Halifax,44.65,-63.57,64.99,100,20,2.66,CA,1594358948
Floriano,-6.77,-43.02,73.67,61,55,4.23,BR,1594358987
Malino,15.13,120.67,95.0,53,75,4.7,PH,1594358988
Itaqui,-29.13,-56.55,44.35,91,0,6.46,BR,1594358988
Lagoa,39.05,-27.98,68.38,75,57,7.49,PT,1594358989
Alanya,36.54,32.0,78.8,83,0,1.12,TR,1594358989
Dunedin,-45.87,170.5,48.99,66,14,13.35,NZ,1594358957
Belle Fourche,44.67,-103.85,72.0,64,20,11.41,US,1594358990
Goundam,16.41,-3.67,89.31,39,75,11.74,ML,1594358990
Fairbanks,64.84,-147.72,57.2,93,90,5.82,US,1594358453
North Bend,43.41,-124.22,59.0,93,1,4.7,US,1594358675
Kigorobya,1.62,31.31,67.37,83,24,2.04,UG,1594358825
Teahupoo,-17.83,-149.27,77.0,65,20,5.82,PF,1594358992
Bairiki Village,1.33,172.98,86.0,70,20,8.05,KI,1594358992
Srednekolymsk,67.45,153.68,73.69,44,18,6.02,RU,1594358908
Aklavik,68.22,-135.01,41.0,86,90,6.93,CA,1594358993
Poya,-21.35,165.15,71.73,61,57,12.66,NC,1594358994
Yeniseysk,58.45,92.17,64.58,78,43,5.59,RU,1594358994
Menomonie,44.88,-91.92,64.99,100,1,4.7,US,1594358994
Linhares,-19.39,-40.07,66.85,93,1,3.71,BR,1594358995
Arlit,18.74,7.39,89.4,31,76,5.12,NE,1594358996
Emerald,-23.53,148.17,75.2,50,90,9.17,AU,1594358996
Mayya,61.73,130.28,68.0,64,40,6.71,RU,1594358996
Hurricane,37.18,-113.29,87.8,6,1,6.93,US,1594358997
Salinópolis,-0.61,-47.36,79.43,83,59,11.77,BR,1594358997
Hīt,33.64,42.83,98.78,16,0,17.85,IQ,1594358998
Ōhara,35.25,140.38,84.2,74,75,12.75,JP,1594358999
Half Moon Bay,37.46,-122.43,66.0,87,1,8.75,US,1594358726
Itarema,-2.92,-39.92,76.42,79,27,11.59,BR,1594358941
City of San Pedro,14.35,121.02,98.01,50,100,6.93,PH,1594359000
Kiama,-34.68,150.87,63.0,77,58,3.0,AU,1594359000
Portree,57.41,-6.19,48.99,83,84,4.0,GB,1594359001
Salinas,36.68,-121.66,62.6,67,1,10.29,US,1594359002
Xichang,27.9,102.26,72.95,75,100,1.05,CN,1594359002
Panjāb,34.39,67.02,67.5,26,0,8.41,AF,1594359003
Gizo Government Station,-8.1,156.84,84.47,75,77,15.32,SB,1594358442
Ekhabi,53.51,142.97,55.98,81,98,6.49,RU,1594359003
Woodstock,43.13,-80.75,77.0,83,20,5.82,CA,1594359004
San Jose de Guanipa,8.89,-64.17,75.31,79,14,11.63,VE,1594359004
São Sebastião,-23.76,-45.41,62.01,80,87,0.49,BR,1594359005
Taltal,-25.4,-70.48,54.7,70,0,0.36,CL,1594359005
Mungwi,-10.17,31.37,62.78,79,63,5.95,ZM,1594359006
Flin Flon,54.77,-101.86,54.73,86,60,5.57,CA,1594359006
Brownsville,25.9,-97.5,82.99,88,20,10.29,US,1594359006
Koutiala,12.39,-5.46,76.82,78,46,10.51,ML,1594359007
Silva Jardim,-22.65,-42.39,66.06,80,74,2.01,BR,1594359007
Los Llanos de Aridane,28.66,-17.92,71.6,73,90,17.22,ES,1594359008
Gobabis,-22.45,18.97,41.0,46,0,4.7,NA,1594359008
Melilla,35.29,-2.94,73.4,88,20,2.24,ES,1594359008
Codrington,-38.27,141.97,56.89,77,100,6.2,AU,1594359009
Kraśnik,50.92,22.23,71.01,93,49,10.29,PL,1594359009
Geraldton,-28.77,114.6,66.2,39,87,13.87,AU,1594359010
Cocorit,27.58,-109.97,85.95,60,97,4.47,MX,1594359010
Campos Belos,-13.04,-46.77,62.89,51,0,3.65,BR,1594359010
Aranos,-24.13,19.12,49.91,45,0,12.35,NA,1594359011
Māndal,25.45,74.57,92.97,47,97,13.73,IN,1594359011
Toora-Khem,52.47,96.11,78.48,36,85,3.42,RU,1594359012
Novy Urengoy,66.08,76.63,71.62,45,0,21.56,RU,1594359012
Mīnāb,27.15,57.08,100.4,53,29,4.7,IR,1594359012
Angoche,-16.23,39.91,69.94,86,7,4.07,MZ,1594358771
Novomykolayivka,47.98,35.91,71.6,53,0,6.71,UA,1594359013
Beyneu,45.32,55.2,94.53,19,0,5.7,KZ,1594359014
Nānākuli,21.39,-158.15,80.6,69,75,4.7,US,1594359014
Pellérd,46.03,18.15,70.0,78,0,6.78,HU,1594359015
Inhambane,-23.86,35.38,64.0,100,20,2.24,MZ,1594359015
Westport,41.14,-73.36,75.2,88,1,4.7,US,1594359015
Proletarskiy,50.79,35.77,64.4,63,61,6.71,RU,1594359016
Kutulik,53.35,102.78,76.33,51,34,5.68,RU,1594359016
George Town,5.41,100.34,87.01,79,20,6.93,MY,1594358847
Yanam,16.73,82.22,82.4,83,90,8.05,IN,1594359018
Nsanje,-16.92,35.26,70.75,77,68,2.59,MW,1594359018
Arroio Grande,-32.24,-53.09,43.0,81,0,5.08,BR,1594359019
Moose Factory,51.26,-80.61,73.4,88,1,8.05,CA,1594359019
Vostok,46.49,135.88,67.12,62,73,5.93,RU,1594358868
Yakeshi,49.28,120.73,90.14,17,36,12.1,CN,1594359020
Narsaq,60.92,-46.05,44.6,93,100,4.7,GL,1594359020
Sawtell,-30.38,153.1,64.0,88,75,5.82,AU,1594359021
Kolokani,13.57,-8.03,73.94,71,100,6.24,ML,1594359021
Tobol,52.68,62.58,81.93,51,0,7.76,KZ,1594358771
Sabha,27.04,14.43,77.92,42,0,12.55,LY,1594358847
Mayo,38.89,-76.51,79.0,83,20,8.05,US,1594359022
Mezen',65.85,44.24,66.51,57,73,9.28,RU,1594359023
Cody,44.53,-109.06,72.0,48,1,4.7,US,1594359023
Pacific Grove,36.62,-121.92,60.8,72,1,6.93,US,1594359024
Faya,18.39,42.45,78.8,17,20,4.7,SA,1594358867
Sioux Falls,43.55,-96.7,71.6,83,1,2.84,US,1594358920
Alliston,44.15,-79.87,75.0,94,1,3.36,CA,1594358765
Prince Rupert,54.32,-130.32,55.4,93,90,11.41,CA,1594359025
Uruburetama,-3.62,-39.51,70.72,87,73,3.74,BR,1594359026
Lüderitz,-26.65,15.16,57.2,71,6,13.87,NA,1594358441
Deputatsky,69.3,139.9,63.34,44,76,3.78,RU,1594359026
Kushmurun,52.45,64.63,84.78,50,3,10.18,KZ,1594359027
Sayaxché,16.52,-90.17,72.52,96,99,2.35,GT,1594359028
Samaná,19.21,-69.34,79.16,85,70,8.3,DO,1594359028
Keetmanshoop,-26.58,18.13,55.4,26,1,5.82,NA,1594359028
Flinders,-34.58,150.86,63.0,71,58,4.0,AU,1594358811
Evensk,61.95,159.23,56.95,86,95,7.18,RU,1594359030
Bāndarban,22.2,92.23,84.2,83,90,20.8,BD,1594359030
Rusape,-18.53,32.13,61.18,71,5,5.12,ZW,1594359030
Maţāy,28.42,30.78,79.92,68,1,10.51,EG,1594359011
Madera,37.17,-119.83,79.0,28,0,1.01,US,1594359031
Vuktyl,63.86,57.31,86.99,47,0,8.34,RU,1594359032
Rio Grande,-32.03,-52.1,36.0,97,0,9.24,BR,1594359032
Iquique,-20.22,-70.14,59.0,72,90,10.29,CL,1594359033
Guerrero Negro,27.98,-114.06,67.71,75,0,7.36,MX,1594359033
Gunjur,13.2,-16.73,80.6,83,40,3.36,GM,1594359034
Bandarbeyla,9.49,50.81,87.15,49,95,30.94,SO,1594359034
Kaeo,-35.1,173.78,54.0,3,44,4.0,NZ,1594358449
Teya,60.38,92.63,59.97,76,100,7.85,RU,1594359035
Owando,-0.48,15.9,73.47,87,77,5.91,CG,1594359036
Okhotsk,59.38,143.3,56.1,83,99,8.97,RU,1594359036
Saint George,37.1,-113.58,87.8,6,1,6.93,US,1594358305
Caldwell,43.66,-116.69,75.2,38,1,5.82,US,1594358775
Qarchī Gak,37.04,66.79,96.8,11,5,12.75,AF,1594359038
Coquimbo,-29.95,-71.34,50.0,87,1,8.05,CL,1594358848
Paraná,-31.73,-60.52,51.01,82,0,1.99,AR,1594358872
Roald,62.58,6.13,51.8,81,75,5.82,NO,1594359039
Labuhan,-6.88,112.21,84.9,63,87,5.3,ID,1594359040
Ouallam,14.32,2.09,85.15,59,69,17.02,NE,1594359040
Kokopo,-4.35,152.26,81.07,81,89,8.84,PG,1594359041
El Alto,-4.27,-81.21,64.62,77,1,12.26,PE,1594359041
Salekhard,66.53,66.6,67.93,46,13,1.9,RU,1594359042
Assiut,27.18,31.18,80.6,57,0,5.82,EG,1594359008
Belmonte,-15.86,-38.88,66.2,93,20,3.36,BR,1594359042
Leh,34.17,77.58,63.21,28,72,6.67,IN,1594359043
Bara,10.37,10.73,73.9,88,100,13.76,NG,1594359043
Xinmin,41.99,122.83,89.6,38,100,2.24,CN,1594359044
Neiafu,-18.65,-173.98,77.0,83,75,8.05,TO,1594358911
Ulaangom,49.98,92.07,77.86,33,79,10.71,MN,1594359045
La Argentina,2.2,-75.98,58.3,85,100,4.16,CO,1594359045
Ketchikan,55.34,-131.65,57.2,82,90,17.22,US,1594358991
Ürümqi,43.8,87.6,87.8,23,59,2.24,CN,1594358965
Ovalle,-30.6,-71.2,55.94,42,0,2.59,CL,1594359047
Killybegs,54.63,-8.45,45.0,96,46,1.01,IE,1594359047
Malamig,12.95,121.37,86.83,66,100,5.32,PH,1594359047
Luanda,-8.84,13.23,69.8,83,75,3.69,AO,1594359048
Avera,33.19,-82.53,75.2,76,40,1.5,US,1594359048
Los Andes,-32.83,-70.6,46.4,87,53,4.7,CL,1594359049
Vanimo,-2.67,141.3,85.1,70,38,8.55,PG,1594359049
Camacha,33.08,-16.33,68.0,77,40,18.34,PT,1594359050
Beringovskiy,63.05,179.32,59.88,58,87,11.61,RU,1594359050
Verkhnyaya Inta,65.98,60.31,83.21,54,28,3.04,RU,1594359051
Marzuq,14.4,46.47,90.57,29,46,2.95,YE,1594359052
Tessaoua,13.76,7.99,85.5,53,98,15.03,NE,1594359052
Govlyar,40.95,45.73,80.6,51,75,11.41,AZ,1594359053
Kavaratti,10.57,72.64,80.6,88,90,4.7,IN,1594359053
Buritis,-15.62,-46.42,61.74,54,0,2.59,BR,1594359054
Quatre Cocos,-20.21,57.76,72.0,68,75,18.34,MU,1594359054
Ibipeba,-11.64,-42.01,67.42,82,53,8.66,BR,1594359055
Mbanza-Ngungu,-5.25,14.87,65.39,89,19,8.01,CD,1594359055
Seka,17.93,103.96,98.01,54,100,8.19,TH,1594359056
Thinadhoo,0.53,72.93,84.83,69,63,7.11,MV,1594359057
Whitehorse,60.72,-135.05,59.0,62,75,2.24,CA,1594358922
Bozoum,6.32,16.38,67.68,93,98,2.75,CF,1594359058
Hare Bay,48.85,-54.01,50.0,100,90,8.05,CA,1594359058
Winnemucca,40.97,-117.74,71.6,14,1,10.29,US,1594359059
Morehead,37.27,-87.18,78.8,100,1,4.81,US,1594359059
Mokhsogollokh,61.47,128.92,61.23,86,100,9.22,RU,1594359059
Killarney,52.05,-9.52,49.6,88,1,4.14,IE,1594359060
São Filipe,14.9,-24.5,73.62,83,48,6.78,CV,1594358671
Nanga Eboko,4.68,12.37,68.4,98,100,3.6,CM,1594359061
Lensk,60.73,114.93,82.65,32,98,7.16,RU,1594359061
Arrondissement de Poitiers,46.58,0.33,63.0,93,90,4.7,FR,1594359062
Saint-Michel-des-Saints,46.68,-73.92,66.97,92,21,3.2,CA,1594359062
Nishihara,26.18,127.76,91.4,66,75,18.34,JP,1594359063
Buzdyak,54.58,54.55,83.82,60,0,4.36,RU,1594359063
Diffa,13.32,12.61,81.54,58,72,13.6,NE,1594359064
Clyde,41.3,-82.98,77.0,80,63,1.01,US,1594359064
Saryozek,44.36,77.98,80.37,23,54,6.35,KZ,1594359065
Meulaboh,4.14,96.13,85.82,62,72,2.95,ID,1594358783
Lieksa,63.32,30.02,56.1,69,0,13.18,FI,1594359066
Atbasar,51.8,68.33,83.8,50,3,14.45,KZ,1594359066
Linxia Chengguanzhen,35.6,103.21,76.06,43,99,0.74,CN,1594358936
Mandalgovi,45.76,106.27,59.56,64,99,18.25,MN,1594359068
Sikasso,10.92,-7.0,72.75,91,73,7.56,ML,1594359068
Coos Bay,43.37,-124.22,59.0,93,1,4.7,US,1594359069
Garmsār,35.22,52.34,96.13,12,1,14.67,IR,1594359069
Chipinge,-20.19,32.62,64.11,62,1,1.95,ZW,1594359070
Gravdal,68.12,13.5,51.8,87,40,6.93,NO,1594359070
Karratha,-20.74,116.85,84.36,19,2,19.04,AU,1594358928
Krasnosel'kup,65.7,82.47,74.8,42,14,23.02,RU,1594359071
Inírida,3.87,-67.92,72.48,96,100,0.81,CO,1594359071
Aswān,24.09,32.91,91.83,21,0,11.14,EG,1594359072
Puerto Nariño,-3.77,-70.38,71.22,97,80,1.43,CO,1594359073
Gao,16.64,1.64,88.0,41,11,3.2,ML,1594359073
Ocotlán,20.35,-102.77,66.0,82,100,4.47,MX,1594359074
Hambantota,6.12,81.12,86.0,79,40,8.05,LK,1594359074
Philadelphia,39.95,-75.16,77.0,88,40,5.82,US,1594359032
Hutchinson,38.06,-97.93,78.8,69,90,9.17,US,1594359075
San Policarpo,12.18,125.51,86.13,68,76,9.64,PH,1594359075
High Level,58.52,-117.14,62.6,82,75,4.7,CA,1594359076
Santiago,-33.46,-70.65,46.4,87,79,4.7,CL,1594359060
Samandağ,36.08,35.98,80.6,74,69,12.75,TR,1594359077
The Valley,18.22,-63.06,82.4,78,40,14.99,AI,1594358892
Ozinki,51.18,49.68,90.19,31,93,10.49,RU,1594359078
Honningsvåg,70.98,25.97,44.6,93,75,10.29,NO,1594359078
Conde,-7.26,-34.91,72.95,87,68,8.3,BR,1594359079
Shīeli,44.17,66.75,96.71,15,58,15.41,KZ,1594359079
Enugu,6.44,7.49,72.05,95,100,6.78,NG,1594359079
Cap Malheureux,-19.98,57.61,72.0,75,67,10.0,MU,1594359062
Mangai,-4.05,19.53,75.81,57,11,2.15,CD,1594359080
Oistins,13.07,-59.53,82.4,74,40,19.46,BB,1594359041
Barra de Tecoanapa,16.52,-98.75,80.71,83,88,5.26,MX,1594359081
Myrtle Beach,33.69,-78.89,75.99,100,1,4.7,US,1594358819
Kempsey,-31.08,152.83,64.99,80,41,4.0,AU,1594359082
Oktyabr'skiy,54.48,53.47,83.05,62,0,5.82,RU,1594359083
Balabac,7.99,117.06,86.49,66,100,6.67,PH,1594359084
Ternate,0.8,127.4,84.22,73,96,3.89,ID,1594359084
Sørland,67.67,12.69,51.8,87,40,6.93,NO,1594359079
Sayreville,40.46,-74.36,75.99,94,100,1.01,US,1594359085
Stokmarknes,68.56,14.91,53.6,93,40,2.24,NO,1594359086
Jalu,29.03,21.55,79.9,50,0,11.32,LY,1594359086
Templin,53.12,13.5,62.01,84,100,4.36,DE,1594359087
Quthing,-30.4,27.7,47.08,68,4,5.21,LS,1594359087
Zhaotong,27.32,103.72,69.49,80,100,2.86,CN,1594359087
Rabo de Peixe,37.8,-25.58,64.4,82,20,9.17,PT,1594359088
Blagoyevo,63.37,47.92,61.99,79,99,5.68,RU,1594359088
Syamzha,60.02,41.06,64.51,59,0,6.02,RU,1594359089
Vung Tau,10.35,107.08,85.51,70,100,7.96,VN,1594359089
Mnogovershinnyy,53.94,139.92,55.69,80,74,4.27,RU,1594359089
Usinsk,65.99,57.53,85.23,54,0,12.21,RU,1594359090
